competitor,product_category,product_type_key,product_type_label,own_product_name,search_card_candidate,url,title,snippet,source_kind,page_role,source_policy_tier,fact_type,increment_type,decision_status,hard_gate,matched_fields,matched_include_keywords,matched_exclude_keywords,human_label,human_reason,use_as_primary_evidence
Gamma,ai_software,ai_software,AI/软件工具,竞品情报工具,yes,https://gamma.app/pricing,Gamma pricing plans,"Official pricing, plans, credits, limits, enterprise package",official_core,pricing_packaging,P0 官方核心来源,pricing_packaging,新增价格/套餐/限制,selected,passed_selected_for_crawl,套餐/包装/限制,"pricing, plans",,include,Official pricing page with concrete package evidence,yes
Gamma,ai_software,ai_software,AI/软件工具,竞品情报工具,yes,https://gamma.app/docs/api,Gamma API docs,"Official API documentation, authentication, SDK, rate limits",official_core,docs_api_or_developer,P0 官方核心来源,api_docs_limits,新增 API/接口/额度/限制,selected,passed_selected_for_crawl,接口/接入/API,"api, docs, sdk",,include,Official developer documentation with integration evidence,yes
Notion,ai_software,ai_software,AI/软件工具,竞品情报工具,yes,https://www.notion.so/security,Notion security and privacy,"Official security, privacy, compliance, SSO, SOC2",official_core,security_trust_or_legal,P0 官方核心来源,security_privacy,新增安全/隐私/合规,selected,passed_selected_for_crawl,安全/隐私/合规,"security, privacy, SOC2",,include,Official trust/security page supports enterprise comparison,yes
Oakley MOD5,physical_product,physical_product,实体商品,双板全盔,yes,https://www.oakley.com/en-us/product/mod5,MOD5 product details,"Official helmet specs, material, size, color, certification, weight",official_core,physical_product_detail,P0 官方核心来源,product_specs,新增官方参数/规格,selected,passed_selected_for_crawl,官方参数/规格,"specs, material, size, color",,include,Official product page contains concrete physical product parameters,yes
Fathom,ai_software,ai_software,AI/软件工具,竞品情报工具,yes,https://updates.fathom.video/,Fathom updates,"Official changelog, release notes, new features",official_core,changelog_or_release,P1 官方动态来源,release_signal,新增版本/路线图/动态,signal,passed_candidate,版本/更新/changelog,"changelog, updates",,include,Official release source can support capability change tracking,yes
Demo,marketplace_noise,general,通用噪音,竞品情报工具,no,https://shop.example.com/login,Please login,"Email password sign in account center",low_value_or_aggregator,auth_or_account_shell,Reject 登录/交易壳,general_product_signal,无有效增量,rejected,rejected_auth_or_transaction_shell,,login,,exclude,Login shell has no public product evidence before user action,no
Demo,marketplace_noise,general,通用噪音,竞品情报工具,no,https://shop.example.com/cart,Shopping cart,"Cart checkout coupon seller center orders",low_value_or_aggregator,transaction_or_marketplace_shell,Reject 登录/交易壳,general_product_signal,无有效增量,rejected,rejected_auth_or_transaction_shell,,cart checkout,,exclude,Transaction shell is not useful competitor evidence,no
Demo,seo_noise,general,通用噪音,竞品情报工具,no,https://download.example.com/demo-crack,Free download crack,"破解版 免费下载 激活码 网盘",low_value_or_aggregator,download_or_piracy,Reject 低价值/风险来源,general_product_signal,无有效增量,rejected,rejected_manual_exclude_keyword,,,"crack, download, 破解版",exclude,Download/crack pages are risky and not valid PM evidence,no
Demo,seo_noise,general,通用噪音,竞品情报工具,no,https://blog.example.com/demo-tools-list,Top 100 AI tools,"Generic list with no pricing specs docs source",low_value_or_aggregator,seo_aggregator,Reject 低价值/聚合噪音,general_product_signal,低增量,rejected,rejected_low_value_aggregator,,,include,exclude,Generic aggregator does not provide traceable product facts,no
Demo,homonym_noise,general,通用噪音,竞品情报工具,no,https://example.com/gamma-rays,Gamma ray article,"Physics article unrelated to product",low_value_or_aggregator,unrelated_homonym,Reject 同名无关,general_product_signal,无有效增量,rejected,rejected_low_competitor_relevance,,,gamma,exclude,Same-name unrelated content should be rejected,no
Fireflies.ai,community_signal,ai_software,AI/软件工具,竞品情报工具,yes,https://www.reddit.com/r/productivity/comments/example,Fireflies user feedback,"Users discuss transcription accuracy, meeting summaries, integrations",community_or_social_signal,forum_or_community_discussion,P3 低置信线索,user_feedback,新增用户反馈/质量/口碑,signal,needs_verification,用户反馈/质量,"review, accuracy, integration",,verify_later,Community feedback is useful but needs source and sample verification,no
Read AI,video_signal,ai_software,AI/软件工具,竞品情报工具,yes,https://www.youtube.com/watch?v=example,Read AI walkthrough,"Video demo shows dashboard workflow and meeting summary",community_or_social_signal,video_or_social_content,P3 低置信线索,workflow_visual,新增流程/视觉证据,signal,needs_video_timestamp,截图/流程,"video, demo, walkthrough",,verify_later,Video needs timestamp and screenshot before becoming report evidence,no
Otter.ai,review_signal,ai_software,AI/软件工具,竞品情报工具,yes,https://www.g2.com/products/otter-ai/reviews,Otter.ai reviews,"Review site with pros cons support quality",third_party_review,review_or_comparison,P2 第三方验证来源,user_feedback,新增用户反馈/服务/质量,signal,needs_verification,评价/服务/质量,"review, support, quality",,verify_later,Third-party reviews can be supporting evidence after traceability check,no
Canva,customer_signal,ai_software,AI/软件工具,竞品情报工具,yes,https://www.canva.com/customers/,Canva customer stories,"Official customer stories, use cases, team workflows",official_core,customer_or_solution,P1 官方场景来源,customer_segment,新增客户/场景/GTM,selected,passed_selected_for_crawl,客户/场景/GTM,"customers, use cases",,include,Official customer story page supports target market and GTM analysis,yes
Semrush,docs_signal,ai_software,AI/软件工具,竞品情报工具,yes,https://www.semrush.com/kb/,Semrush knowledge base,"Official help center, feature usage, limits, workflows",official_core,help_or_knowledge_base,P1 官方帮助来源,feature_workflow,新增功能/流程/限制,selected,passed_selected_for_crawl,功能/流程/限制,"help, feature, workflow",,include,Official help center provides concrete workflow and limitation evidence,yes
Apollo Go,autonomous_vehicle_robotaxi,autonomous_vehicle_robotaxi,无人车/Robotaxi/自动驾驶整车,无人车竞品分析,yes,https://www.apollo.auto/apollo-go/,Apollo Go Robotaxi official page,"Official Robotaxi page with service model, city operation, vehicle platform and autonomous driving capabilities",official_core,autonomous_vehicle_detail,P0 官方核心来源,autonomous_vehicle_competitor_evidence,新增无人车参数/运营/安全/体验证据,selected,passed_selected_for_crawl,产品定位/市场与运营/自动驾驶系统,"robotaxi, service area, autonomous driving, fleet",,include,Official product page can anchor Robotaxi positioning and operations evidence,yes
Apollo Go,autonomous_vehicle_robotaxi,autonomous_vehicle_robotaxi,无人车/Robotaxi/自动驾驶整车,无人车竞品分析,yes,https://apollo.auto/service-area,Apollo Go service area and fares,"Official city coverage and fare rules for Robotaxi operation",official_core,autonomous_vehicle_detail,P0 官方核心来源,autonomous_vehicle_competitor_evidence,新增无人车参数/运营/安全/体验证据,selected,passed_selected_for_crawl,市场与运营/价格与商业化,"service area, city coverage, fare, pricing, 运营城市, 计费规则",,include,Official operating coverage and fare evidence supports commercialization analysis,yes
Pony.ai,autonomous_vehicle_robotaxi,autonomous_vehicle_robotaxi,无人车/Robotaxi/自动驾驶整车,无人车竞品分析,yes,https://www.pony.ai/robotaxi,Pony.ai Robotaxi official product,"Official Robotaxi product page with autonomous system and safety capabilities",official_core,autonomous_vehicle_detail,P0 官方核心来源,autonomous_vehicle_competitor_evidence,新增无人车参数/运营/安全/体验证据,selected,passed_selected_for_crawl,自动驾驶系统/安全与合规,"sensor suite, safety, Robotaxi, autonomous vehicle",,include,Official Robotaxi product page gives traceable product and safety claims,yes
WeRide,autonomous_vehicle_robotaxi,autonomous_vehicle_robotaxi,无人车/Robotaxi/自动驾驶整车,无人车竞品分析,yes,https://www.weride.ai/robotaxi,WeRide Robotaxi official page,"Official page with Robotaxi product, operating cities and passenger experience",official_core,autonomous_vehicle_detail,P0 官方核心来源,autonomous_vehicle_competitor_evidence,新增无人车参数/运营/安全/体验证据,selected,passed_selected_for_crawl,市场与运营/乘坐体验,"Robotaxi, operating cities, ride experience",,include,Official page can support operating footprint and passenger experience comparison,yes
Waymo,autonomous_vehicle_robotaxi,autonomous_vehicle_robotaxi,无人车/Robotaxi/自动驾驶整车,无人车竞品分析,yes,https://waymo.com/safety/,Waymo safety report,"Official safety page with autonomous driving safety methodology and public documentation",official_core,autonomous_vehicle_detail,P0 官方核心来源,autonomous_vehicle_competitor_evidence,新增无人车参数/运营/安全/体验证据,selected,passed_selected_for_crawl,安全与合规/自动驾驶系统,"safety report, autonomous driving, remote assistance",,include,Official safety report is primary evidence for safety and compliance dimensions,yes
Apollo RT6,autonomous_vehicle_robotaxi,autonomous_vehicle_robotaxi,无人车/Robotaxi/自动驾驶整车,无人车竞品分析,yes,https://apollo.auto/rt6,Apollo RT6 vehicle platform specs,"Official vehicle platform page with dimensions, sensor layout, compute and cabin design",official_core,autonomous_vehicle_detail,P0 官方核心来源,autonomous_vehicle_competitor_evidence,新增无人车参数/运营/安全/体验证据,selected,passed_selected_for_crawl,整车平台/自动驾驶系统/智舱与交互,"dimensions, sensor, compute, cabin, 长宽高, 算力",,include,Official vehicle specs support quantitative cross-competitor comparison,yes
Robotaxi Permit,autonomous_vehicle_robotaxi,autonomous_vehicle_robotaxi,无人车/Robotaxi/自动驾驶整车,无人车竞品分析,no,https://transport.example.gov/autonomous-vehicle-permit,Autonomous vehicle operation permit notice,"Regulator notice with city permit, operating boundary and safety requirements",trusted_public,autonomous_vehicle_detail,P1 无人车运营/参数/实测来源,autonomous_vehicle_competitor_evidence,新增无人车参数/运营/安全/体验证据,accepted,passed_but_not_selected_by_budget,安全与合规/市场与运营,"permit, service area, city, 监管许可",,include,Regulatory notice is traceable evidence for operation boundary and compliance,yes
Pony.ai,autonomous_vehicle_robotaxi,autonomous_vehicle_robotaxi,无人车/Robotaxi/自动驾驶整车,无人车竞品分析,yes,https://www.youtube.com/watch?v=robotaxi-demo,Pony.ai Robotaxi ride review video,"Public video shows pickup, route choice, braking, cabin screen and unusual road scenes",community_or_social_signal,video_or_social_content,P3 低置信线索,visual_product_evidence,新增视频/社媒/截图线索,signal,needs_video_timestamp,乘坐体验/复杂场景表现/智舱与交互,"video, ride review, pickup, braking, cabin screen",,verify_later,Video is useful only after timestamp and screenshot are captured,no
Apollo Go,autonomous_vehicle_robotaxi,autonomous_vehicle_robotaxi,无人车/Robotaxi/自动驾驶整车,无人车竞品分析,yes,https://www.bilibili.com/video/BVrobotaxi,Apollo Go public ride test,"Public video includes waiting time, route, construction cone handling and passenger comments",community_or_social_signal,video_or_social_content,P3 低置信线索,visual_product_evidence,新增视频/社媒/截图线索,signal,needs_video_timestamp,市场与运营/乘坐体验/复杂场景表现,"等待时间, 路线, 锥桶, 试乘",,verify_later,Public ride test should enter GUI review until timestamp and screenshots are attached,no
WeRide,autonomous_vehicle_robotaxi,autonomous_vehicle_robotaxi,无人车/Robotaxi/自动驾驶整车,无人车竞品分析,yes,https://www.zhihu.com/question/robotaxi-experience,WeRide Robotaxi user discussion,"Community discussion about ride comfort, safety concern, city differences and acceptance",community_or_social_signal,forum_or_community_discussion,P3 低置信线索,community_user_feedback,新增社区/论坛用户线索,signal,needs_verification,社会接受度/乘坐体验,"评价, 安全争议, 城市差异, 体验",,verify_later,Community feedback can reveal issues but needs source and sample verification,no
Demo,autonomous_vehicle_noise,autonomous_vehicle_robotaxi,无人车/Robotaxi/自动驾驶整车,无人车竞品分析,no,https://seo.example.com/top-100-robotaxi-list,Top 100 robotaxi companies,"Generic SEO list without original sources, product specs, city operation or dates",low_value_or_aggregator,seo_aggregator,Reject 低价值/聚合噪音,general_product_signal,低增量,rejected,rejected_low_value_aggregator,,,"top list, SEO, no source",exclude,Generic ranking page is not traceable primary evidence,no
Demo,autonomous_vehicle_noise,autonomous_vehicle_robotaxi,无人车/Robotaxi/自动驾驶整车,无人车竞品分析,no,https://account.example.com/login,Robotaxi account login,"Password sign in account center captcha",low_value_or_aggregator,auth_or_account_shell,Reject 登录/交易壳,general_product_signal,无有效增量,rejected,rejected_auth_or_transaction_shell,,login,,exclude,Login shell contains no public product evidence,no
Demo,autonomous_vehicle_noise,autonomous_vehicle_robotaxi,无人车/Robotaxi/自动驾驶整车,无人车竞品分析,no,https://toy.example.com/robotaxi-model,Robotaxi toy car model,"Remote control toy car and scale model unrelated to autonomous vehicle operation",low_value_or_aggregator,unrelated_homonym,Reject 同名无关,general_product_signal,无有效增量,rejected,rejected_low_competitor_relevance,,,"toy car, rc car, 模型车",exclude,Toy or model car pages are not Robotaxi competitor evidence,no
